id,template_id/id,code,name,parent_id/id
budget_template_line_51000,budget_template_y2568_expense,51000,งบบุคลากร,
budget_template_line_51100,budget_template_y2568_expense,51100,ค่าใช้จ่ายบุคลากร,budget_template_line_51000
budget_template_line_5101010000,budget_template_y2568_expense,5101010000,เงินเดือนและค่าจ้าง,budget_template_line_51100
budget_template_line_5101010001,budget_template_y2568_expense,5101010001,เงินเดือน,budget_template_line_5101010000
budget_template_line_5101010002,budget_template_y2568_expense,5101010002,ค่าจ้างประจํา,budget_template_line_5101010000
budget_template_line_5101010003,budget_template_y2568_expense,5101010003,ค่าจ้างชั่วคราว,budget_template_line_5101010000
budget_template_line_5101010004,budget_template_y2568_expense,5101010004,เงินประจําตําแหน่งผู้บริหาร (สําหรับข้าราชการ/พนักงานเงินงบประมาณที่ไม่สามารถเบิกเงินงบประมาณแผ่นดินได้ และพนักงานเงินรายได้),budget_template_line_5101010000
budget_template_line_5101010005,budget_template_y2568_expense,5101010005,เงินประจําตําแหน่งวิชาชีพเฉพาะ/ชํานาญการ,budget_template_line_5101010000
budget_template_line_5101010006,budget_template_y2568_expense,5101010006,เงินประจําตําแหน่งทางวิชาการ ผศ./รศ./ศ.,budget_template_line_5101010000
budget_template_line_5101010007,budget_template_y2568_expense,5101010007,เงินประจําตําแหน่งผู้เชี่ยวชาญ,budget_template_line_5101010000
budget_template_line_5101010009,budget_template_y2568_expense,5101010009,ค่าครองชีพลูกจ้างชั่วคราวเงินรายได้,budget_template_line_5101010000
budget_template_line_5101010011,budget_template_y2568_expense,5101010011,เงินตอบแทนพิเศษของข้าราชการผู้ได้รับเงินเดือนถึงขั้นสูงของอันดับ-172-330,budget_template_line_5101010000
budget_template_line_5101010012,budget_template_y2568_expense,5101010012,เงินตอบแทนพิเศษของลูกจ้างประจําผู้ได้รับค่าจ้างถึงขั้นสูงของตําแหน่ง-173-340,budget_template_line_5101010000
budget_template_line_5101010013,budget_template_y2568_expense,5101010013,เงินโบนัส,budget_template_line_5101010000
budget_template_line_5101010015,budget_template_y2568_expense,5101010015,เงินรางวัลสําหรับผู้บริหาร,budget_template_line_5101010000
budget_template_line_5101010016,budget_template_y2568_expense,5101010016,เงินรางวัลสําหรับหน่วยงาน,budget_template_line_5101010000
budget_template_line_5101010017,budget_template_y2568_expense,5101010017,ค่าจ้างลูกจ้างสัญญาจ้าง (พนักงานเงินรายได้),budget_template_line_5101010000
budget_template_line_5101010020,budget_template_y2568_expense,5101010020,เงินประจําตําแหน่งวิชาชีพเฉพาะ 120 (เงินงบประมาณและเงินรายได้),budget_template_line_5101010000
budget_template_line_5101010021,budget_template_y2568_expense,5101010021,ค่าครองชีพชั่วคราวสําหรับลูกจ้างประจํา 181,budget_template_line_5101010000
budget_template_line_5101010022,budget_template_y2568_expense,5101010022,ค่าครองชีพชั่วคราวสําหรับข้าราชการ 180,budget_template_line_5101010000
budget_template_line_5101010023,budget_template_y2568_expense,5101010023,เงินสมนาคุณนายกสภา(ส่วนที่ต้องสมทบเงินงบประมาณแผ่นดิน),budget_template_line_5101010000
budget_template_line_5101010025,budget_template_y2568_expense,5101010025,ค่าครองชีพชั่วคราวพนักงานเงินรายได้,budget_template_line_5101010000
budget_template_line_5101010038,budget_template_y2568_expense,5101010038,ค่าจ้างพนักงานสถาบันประเภทพิเศษ,budget_template_line_5101010000
budget_template_line_5101010039,budget_template_y2568_expense,5101010039,ค่าตอบแทนการใช้ภาษาต่างประเทศ,budget_template_line_5101010000
budget_template_line_5101010040,budget_template_y2568_expense,5101010040,ค่าจ้างพนักงานสถาบันประเภทพื้นฐาน,budget_template_line_5101010000
budget_template_line_5101010099,budget_template_y2568_expense,5101010099,เงินเดือนและค่าจ้างอื่น,budget_template_line_5101010000
budget_template_line_51200,budget_template_y2568_expense,51200,ค่าใช้จ่ายบุคลากรอื่น,budget_template_line_51000
budget_template_line_5101020000,budget_template_y2568_expense,5101020000,ค่าใช้จ่ายบุคลากรอื่น,budget_template_line_51200
budget_template_line_5101020001,budget_template_y2568_expense,5101020001,เงินช่วยพิเศษกรณีเสียชีวิต,budget_template_line_5101020000
budget_template_line_5101020002,budget_template_y2568_expense,5101020002,เงินทําขวัญข้าราชการและลูกจ้าง,budget_template_line_5101020000
budget_template_line_5101020003,budget_template_y2568_expense,5101020003,เงินชดเชยสมาชิก กบข.,budget_template_line_5101020000
budget_template_line_5101020004,budget_template_y2568_expense,5101020004,เงินสมทบ กบข.,budget_template_line_5101020000
budget_template_line_5101020005,budget_template_y2568_expense,5101020005,เงินสมทบกองทุนสํารองเลี้ยงชีพลูกจ้างประจํา (กสจ.),budget_template_line_5101020000
budget_template_line_5101020006,budget_template_y2568_expense,5101020006,เงินสมทบกองทุนประกันสังคม (ส่วนของนายจ้าง สําหรับเจ้าตัวตัดจากเงินเดือน),budget_template_line_5101020000
budget_template_line_5101020045,budget_template_y2568_expense,5101020045,เงินสมทบกองทุนสํารองเลี้ยงชีพพนักงานสถาบันฯ (เงินรายได้),budget_template_line_5101020000
budget_template_line_5101020051,budget_template_y2568_expense,5101020051,ค่าเงินชดเชยของพนักงานสถาบัน (เงินรายได้) กรณีเลิกจ้างตามหลักเกณฑ์,budget_template_line_5101020000
budget_template_line_5101020052,budget_template_y2568_expense,5101020052,ค่าใช้จ่ายสมทบกองทุนเพื่อสนับสนุนการบริหารงานบุคคลจากส่วนงาน,budget_template_line_5101020000
budget_template_line_5101020053,budget_template_y2568_expense,5101020053,ค่าใช้จ่ายเงินชดเชยของพนักงานสถาบัน(งบประมาณ)กรณีเลิกจ้างตามหลักเกณฑ์,budget_template_line_5101020000
budget_template_line_5101020055,budget_template_y2568_expense,5101020055,ค่าใช้จ่ายสมทบเงินกองทุนเงินทดแทน (สปส),budget_template_line_5101020000
budget_template_line_5101030100,budget_template_y2568_expense,5101030100,เงินช่วยเหลือพนักงานและครอบครัวด้านการศึกษา,budget_template_line_51200
budget_template_line_5101030101,budget_template_y2568_expense,5101030101,เงินช่วยการศึกษาบุตร,budget_template_line_5101030100
budget_template_line_5101030102,budget_template_y2568_expense,5101030102,เงินช่วยเหลือบุตร,budget_template_line_5101030100
budget_template_line_5101030103,budget_template_y2568_expense,5101030103,เงินช่วยการศึกษาบุตร - ข้าราชการบํานาญ,budget_template_line_5101030100
budget_template_line_5101030200,budget_template_y2568_expense,5101030200,เงินช่วยเหลือพนักงานและครอบครัวด้านค่ารักษาพยาบาล,budget_template_line_51200
budget_template_line_5101030201,budget_template_y2568_expense,5101030201,ค่ารักษาพยาบาล - ขรก-ลปจ ไข้นอกโรงพยาบาลรัฐ,budget_template_line_5101030200
budget_template_line_5101030202,budget_template_y2568_expense,5101030202,ค่ารักษาพยาบาล - ขรก-ลปจ ไข้ในโรงพยาบาลรัฐ,budget_template_line_5101030200
budget_template_line_5101030203,budget_template_y2568_expense,5101030203,ค่ารักษาพยาบาล-ขรก-ลปจ ไข้ในโรงพยาบาลเอกชน,budget_template_line_5101030200
budget_template_line_5101030245,budget_template_y2568_expense,5101030245,ค่าเงินสวัสดิการพนักงานสถาบันฯ (เงินรายได้),budget_template_line_5101030200
budget_template_line_5101030205,budget_template_y2568_expense,5101030205,ค่ารักษาพยาบาล-บํานาญ-ไข้นอกโรงพยาบาลรัฐ,budget_template_line_5101030200
budget_template_line_5101030206,budget_template_y2568_expense,5101030206,ค่ารักษาพยาบาล-บํานาญ-ไข้ในโรงพยาบาลรัฐ,budget_template_line_5101030200
budget_template_line_5101030207,budget_template_y2568_expense,5101030207,ค่ารักษาพยาบาล-บํานาญ-ไข้นอกโรงพยาบาลเอกชน,budget_template_line_5101030200
budget_template_line_5101030208,budget_template_y2568_expense,5101030208,ค่ารักษาพยาบาล-บํานาญ-ไข้ในโรงพยาบาลเอกชน,budget_template_line_5101030200
budget_template_line_5101030209,budget_template_y2568_expense,5101030209,ค่ารักษาพยาบาล-ขรก-ลปจ ไข้นอกโรงพยาบาลเอกชน,budget_template_line_5101030200
budget_template_line_5101040100,budget_template_y2568_expense,5101040100,ค่าบําเหน็จบํานาญ,budget_template_line_51200
budget_template_line_5101040101,budget_template_y2568_expense,5101040101,บํานาญปกติ,budget_template_line_5101040100
budget_template_line_5101040104,budget_template_y2568_expense,5101040104,เงินบําเหน็จ,budget_template_line_5101040100
budget_template_line_5101040105,budget_template_y2568_expense,5101040105,เงินบําเหน็จรายเดือน,budget_template_line_5101040100
budget_template_line_5101040120,budget_template_y2568_expense,5101040120,เงินบําเหน็จตกทอด,budget_template_line_5101040100
budget_template_line_5101040200,budget_template_y2568_expense,5101040200,บําเหน็จดํารงชีพ,budget_template_line_51200
budget_template_line_5101040201,budget_template_y2568_expense,5101040201,เงินช่วยค่าครองชีพผู้รับบํานาญ-926,budget_template_line_5101040200
budget_template_line_5101040202,budget_template_y2568_expense,5101040202,เงินบําเหน็จดํารงชีพ(15%)-9551,budget_template_line_5101040200
budget_template_line_5101040203,budget_template_y2568_expense,5101040203,เงินช่วยเหลือรายเดือนผู้รับเบี้ยหวัดบํานาญ-925,budget_template_line_5101040200
budget_template_line_5101050100,budget_template_y2568_expense,5101050100,บําเหน็จบํานาญอื่น,budget_template_line_51200
budget_template_line_5101050101,budget_template_y2568_expense,5101050101,ปรับมูลค่าการตั้งสํารองสิทธิประโยชน์พนักงาน,budget_template_line_5101050100
budget_template_line_52000,budget_template_y2568_expense,52000,งบดําเนินงาน,
budget_template_line_52301,budget_template_y2568_expense,52301,ค่าตอบแทน,budget_template_line_52000
budget_template_line_5230000000,budget_template_y2568_expense,5230000000,ค่าตอบแทนอื่น,budget_template_line_52301
budget_template_line_5101010010,budget_template_y2568_expense,5101010010,ค่าล่วงเวลา,budget_template_line_5230000000
budget_template_line_5101020008,budget_template_y2568_expense,5101020008,ค่าเช่าบ้านข้าราชการ,budget_template_line_5230000000
budget_template_line_5101020009,budget_template_y2568_expense,5101020009,ค่าตอบแทนนายแพทย์,budget_template_line_5230000000
budget_template_line_5101020010,budget_template_y2568_expense,5101020010,ค่าสอนว่ายนํ้า/ผู้ฝึกสอนชมรมกีฬา,budget_template_line_5230000000
budget_template_line_5101020011,budget_template_y2568_expense,5101020011,ค่าตอบแทนวิทยากร,budget_template_line_5230000000
budget_template_line_5101020012,budget_template_y2568_expense,5101020012,ค่าสอนพิเศษนักศึกษาระดับปริญญาตรี,budget_template_line_5230000000
budget_template_line_5101020013,budget_template_y2568_expense,5101020013,ค่าสอนพิเศษนักศึกษาระดับปริญญาโท-เอก,budget_template_line_5230000000
budget_template_line_5101020014,budget_template_y2568_expense,5101020014,ค่าตรวจและประเมินผลงานทางวิชาการ/ปัญหาพิเศษ,budget_template_line_5230000000
budget_template_line_5101020015,budget_template_y2568_expense,5101020015,ค่าตอบแทนเจ้าหน้าที่ปฏิบัติภาคฤดูร้อน,budget_template_line_5230000000
budget_template_line_5101020016,budget_template_y2568_expense,5101020016,ค่าตรวจกระดาษคําตอบนักศึกษาระดับปริญญาตรี,budget_template_line_5230000000
budget_template_line_5101020017,budget_template_y2568_expense,5101020017,ค่าตรวจกระดาษคําตอบนักศึกษาระดับปริญญาโท-เอก,budget_template_line_5230000000
budget_template_line_5101020018,budget_template_y2568_expense,5101020018,ค่าตรวจและคุมวิทยานิพนธ์/โครงการศึกษากรณีพิเศษ,budget_template_line_5230000000
budget_template_line_5101020019,budget_template_y2568_expense,5101020019,ค่าคุมสอบระดับปริญญาตรี (ค่าใช้จ่ายในการดําเนินการจัดสอบประจําภาค),budget_template_line_5230000000
budget_template_line_5101020020,budget_template_y2568_expense,5101020020,ค่าคุมสอบระดับปริญญาโท-เอก (ค่าใช้จ่ายในการดําเนินการจัดสอบประจําภาค),budget_template_line_5230000000
budget_template_line_5101020021,budget_template_y2568_expense,5101020021,ค่าสอบสัมมนาระดับปริญญาโท-เอก (ค่าใช้จ่ายในการดําเนินการจัดสอบประจําภาค),budget_template_line_5230000000
budget_template_line_5101020022,budget_template_y2568_expense,5101020022,ค่าตอบแทนผู้ช่วยคณาจารย์บัณฑิตศึกษา,budget_template_line_5230000000
budget_template_line_5101020023,budget_template_y2568_expense,5101020023,ค่าพิจารณาหัวข้อและเค้าโครงวิทยานิพนธ์/สาระนิพนธ์/ปัญหาพิเศษ,budget_template_line_5230000000
budget_template_line_5101020024,budget_template_y2568_expense,5101020024,ค่าเขียนตํารา,budget_template_line_5230000000
budget_template_line_5101020025,budget_template_y2568_expense,5101020025,ค่าตอบแทนการเสนอบทความทางวิชาการ (ค่าตอบแทนบุคลากรภายในเสนอบทความฯ),budget_template_line_5230000000
budget_template_line_5101020026,budget_template_y2568_expense,5101020026,ค่าตอบแทนอาจารย์ที่ปรึกษา,budget_template_line_5230000000
budget_template_line_5101020027,budget_template_y2568_expense,5101020027,ค่าตอบแทนอาจารย์ที่ปรึกษาชมรม,budget_template_line_5230000000
budget_template_line_5101020028,budget_template_y2568_expense,5101020028,ค่าตรวจบทความของนักศึกษาระดับปริญญาตรี,budget_template_line_5230000000
budget_template_line_5101020029,budget_template_y2568_expense,5101020029,ค่าตรวจบทความของนักศึกษาระดับปริญญาโท-เอก,budget_template_line_5230000000
budget_template_line_5101020030,budget_template_y2568_expense,5101020030,ค่ากรรมการตรวจการจ้าง ควบคุมงานและค่าออกแบบ (บุคคลภายใน),budget_template_line_5230000000
budget_template_line_5101020031,budget_template_y2568_expense,5101020031,ค่าเงินรางวัลกรรมการสอบ,budget_template_line_5230000000
budget_template_line_5101020032,budget_template_y2568_expense,5101020032,ค่าตอบแทนอื่นๆ,budget_template_line_5230000000
budget_template_line_5101020033,budget_template_y2568_expense,5101020033,ค่าใช้จ่ายบุคลากรอื่น (รวมการจ้างพยาบาลภายนอก),budget_template_line_5230000000
budget_template_line_5101020037,budget_template_y2568_expense,5101020037,ค่าตอบแทนนักศึกษาช่วยปฏิบัติงาน,budget_template_line_5230000000
budget_template_line_5101020044,budget_template_y2568_expense,5101020044,ค่าตอบแทนอาจารย์พี่เลี้ยง/บุคลากรพี่เลี้ยง (ให้คําปรึกษาหรือแนะนําการทํางานวิจัยฯลฯ),budget_template_line_5230000000
budget_template_line_5101020046,budget_template_y2568_expense,5101020046,ค่าตอบแทนผู้รับผิดชอบด้านพลังงาน,budget_template_line_5230000000
budget_template_line_5101020104,budget_template_y2568_expense,5101020104,ค่าตอบแทนผู้ทรงคุณวุฒิอ่านบทความวิชาการ (เชิญผู้ทรงคุณวุฒิทั้งภายในและภายนอกอ่านบทความฯ),budget_template_line_5230000000
budget_template_line_5101020106,budget_template_y2568_expense,5101020106,เงินรางวัลให้กับบุคลากรที่ทําชื่อเสียงให้สถาบัน,budget_template_line_5230000000
budget_template_line_5101020114,budget_template_y2568_expense,5101020114,ค่าตอบแทนอาจารย์ผู้ดําเนินการหลักสูตรตามกรอบมาตรฐานอุดมศึกษา,budget_template_line_5230000000
budget_template_line_5101020115,budget_template_y2568_expense,5101020115,ค่าใช้จ่ายเงินสนับสนุนการผลิตตําราและหนังสือที่เผยแพร่แล้ว,budget_template_line_5230000000
budget_template_line_5104030201,budget_template_y2568_expense,5104030201,ค่าเบี้ยประชุม,budget_template_line_5230000000
budget_template_line_5101020117,budget_template_y2568_expense,5101020117,ค่าสมนาคุณผู้ป่ วยจําลอง,budget_template_line_5230000000
budget_template_line_5101020118,budget_template_y2568_expense,5101020118,ค่าสมนาคุณกรรมการคุมสอบ,budget_template_line_5230000000
budget_template_line_5101020119,budget_template_y2568_expense,5101020119,ค่าใช้จ่ายเงินสนับสนุนการเรียนกายวิภาคศาสตร์,budget_template_line_5230000000
budget_template_line_5101020120,budget_template_y2568_expense,5101020120,ค่าตอบแทนคณะกรรมการจัดทําวารสารวิชาการ,budget_template_line_5230000000
budget_template_line_5101020121,budget_template_y2568_expense,5101020121,ค่าตอบแทนที่ปรึกษา,budget_template_line_5230000000
budget_template_line_5101020122,budget_template_y2568_expense,5101020122,ค่าปวยการพยาน,budget_template_line_5230000000
budget_template_line_5101020123,budget_template_y2568_expense,5101020123,ค่าตอบแทนกรรมการสอบประมวลความรู,budget_template_line_5230000000
budget_template_line_5101020124,budget_template_y2568_expense,5101020124,ค่าตอบแทนกรรมการสอบวัดคุณสมบัติ,budget_template_line_5230000000
budget_template_line_5101020125,budget_template_y2568_expense,5101020125,ค่าตอบแทนกรรมการสอบและคุมการคนควาอิสระ,budget_template_line_5230000000
budget_template_line_5101020126,budget_template_y2568_expense,5101020126,ค่าตอบแทนคณะกรรมการสำหรับประเมินคุณภาพผลงานวิทยานิพนธ์,budget_template_line_5230000000
budget_template_line_5101020127,budget_template_y2568_expense,5101020127,ค่าตอบแทนสำหรับโครงการ K-Engineering WIL,budget_template_line_5230000000
budget_template_line_52400,budget_template_y2568_expense,52400,ค่าใช้สอย,budget_template_line_52000
budget_template_line_5104010200,budget_template_y2568_expense,5104010200,ค่าใช้สอยอื่น,budget_template_line_52400
budget_template_line_5104010201,budget_template_y2568_expense,5104010201,ค่าธรรมเนียม (ภาษีรถยนต์ ตรวจสภาพประจําปี บัตร ATM-ID นศ. หนังสือเดินทาง ทางด่วน ฯลฯ),budget_template_line_5104010200
budget_template_line_5104010202,budget_template_y2568_expense,5104010202,ค่ารับรองและพิธีการ,budget_template_line_5104010200
budget_template_line_5104010203,budget_template_y2568_expense,5104010203,ค่าจ้างเหมาบริการ,budget_template_line_5104010200
budget_template_line_5104010204,budget_template_y2568_expense,5104010204,ค่าซ่อมแซมและบํารุงรักษาครุภัณฑ์,budget_template_line_5104010200
budget_template_line_5104010205,budget_template_y2568_expense,5104010205,ค่าซ่อมแซมและบํารุงรักษายานพาหนะ,budget_template_line_5104010200
budget_template_line_5104010206,budget_template_y2568_expense,5104010206,ค่าซ่อมแซมและบํารุงรักษาสิ่งก่อสร้าง,budget_template_line_5104010200
budget_template_line_5104010207,budget_template_y2568_expense,5104010207,ค่าสมาชิกและแข่งขัน,budget_template_line_5104010200
budget_template_line_5104010208,budget_template_y2568_expense,5104010208,ค่าเช่าทรัพย์สิน,budget_template_line_5104010200
budget_template_line_5104010209,budget_template_y2568_expense,5104010209,ค่าที่พัก อ.พิเศษ / ผู้เชี่ยวชาญต่างประเทศ,budget_template_line_5104010200
budget_template_line_5104010210,budget_template_y2568_expense,5104010210,ค่าเดินทาง อ.พิเศษ/กรรมการตรวจวิทยานิพนธ์,budget_template_line_5104010200
budget_template_line_5104010211,budget_template_y2568_expense,5104010211,ค่าใช้จ่ายในการจัดประชุมที่สถาบันเป็นผู้จัด (ยกเว้นไม่รวมค่าเบี้ยประชุมกรรมการ),budget_template_line_5104010200
budget_template_line_5104010212,budget_template_y2568_expense,5104010212,ค่าธรรมเนียมธนาคาร,budget_template_line_5104010200
budget_template_line_5104010214,budget_template_y2568_expense,5104010214,ค่าใช้จ่ายในการจัดอบรมของหน่วยงาน (หน่วยงานเป็นเจ้าภาพโดยร่วมประชุมวิชาการ ฝึกอบรม),budget_template_line_5104010200
budget_template_line_5104010215,budget_template_y2568_expense,5104010215,ค่าคัดสําเนา/รับรองสําเนา,budget_template_line_5104010200
budget_template_line_5104010216,budget_template_y2568_expense,5104010216,ค่าธรรมเนียมในการตรวจสอบบัญชี,budget_template_line_5104010200
budget_template_line_5104010218,budget_template_y2568_expense,5104010218,ค่าใช้จ่ายในการศึกษาดูงานในหลักสูตรบัณฑิตศึกษา,budget_template_line_5104010200
budget_template_line_5104010285,budget_template_y2568_expense,5104010285,ค่าใช้จ่ายในการตีพิมพ์บทความในวารสารวิชาการระดับนานาชาติ (Page Charge),budget_template_line_5104010200
budget_template_line_5104010291,budget_template_y2568_expense,5104010291,ค่าลิขสิทธิ์ ซอฟแวร์ (หมายถึงการเช่า license ที่มีระยะเวลา 1 ปี),budget_template_line_5104010200
budget_template_line_5104010298,budget_template_y2568_expense,5104010298,ค่าเช่าพื้นที่,budget_template_line_5104010200
budget_template_line_5104010299,budget_template_y2568_expense,5104010299,ค่าใช้สอยอื่น,budget_template_line_5104010200
budget_template_line_5104030202,budget_template_y2568_expense,5104030202,ค่าใช้จ่ายที่ปรึกษา ค่าผู้เชี่ยวชาญ ค่าที่ปรึกษากฎหมาย,budget_template_line_5104010200
budget_template_line_5104030203,budget_template_y2568_expense,5104030203,ค่าเบี้ยประกันภัย(เกี่ยวกับอาคาร รถยนต์ ผู้ที่เดินทางไปต่างประเทศ ฯลฯ),budget_template_line_5104010200
budget_template_line_5104010219,budget_template_y2568_expense,5104010219,ค่าชาร์จพลังงานไฟฟ้า,budget_template_line_5104010200
budget_template_line_5104010220,budget_template_y2568_expense,5104010220,ค่าของที่ระลึก,budget_template_line_5104010200
budget_template_line_5102010000,budget_template_y2568_expense,5102010000,ค่าใช้จ่ายด้านการฝึกอบรมภายในประเทศ,budget_template_line_52400
budget_template_line_5102010001,budget_template_y2568_expense,5102010001,ค่าหลักสูตร,budget_template_line_5102010000
budget_template_line_5102010002,budget_template_y2568_expense,5102010002,ค่าเดินทาง,budget_template_line_5102010000
budget_template_line_5102010003,budget_template_y2568_expense,5102010003,ค่าเบี้ยเลี้ยง,budget_template_line_5102010000
budget_template_line_5102010004,budget_template_y2568_expense,5102010004,ค่าที่พัก,budget_template_line_5102010000
budget_template_line_5102010099,budget_template_y2568_expense,5102010099,ค่าใช้จ่ายอื่น ๆ,budget_template_line_5102010000
budget_template_line_5102020000,budget_template_y2568_expense,5102020000,ค่าใช้จ่ายด้านการฝึ กอบรมต่างประเทศ,budget_template_line_52400
budget_template_line_5102020001,budget_template_y2568_expense,5102020001,ค่าหลักสูตร,budget_template_line_5102020000
budget_template_line_5102020002,budget_template_y2568_expense,5102020002,ค่าเดินทาง,budget_template_line_5102020000
budget_template_line_5102020003,budget_template_y2568_expense,5102020003,ค่าเบี้ยเลี้ยง,budget_template_line_5102020000
budget_template_line_5102020004,budget_template_y2568_expense,5102020004,ค่าที่พัก,budget_template_line_5102020000
budget_template_line_5102020099,budget_template_y2568_expense,5102020099,ค่าใช้จ่ายอื่น ๆ,budget_template_line_5102020000
budget_template_line_5103010000,budget_template_y2568_expense,5103010000,ค่าใช้จ่ายเดินทางเพื่องานราชการในประเทศ,budget_template_line_52400
budget_template_line_5103010001,budget_template_y2568_expense,5103010001,ค่าเดินทาง,budget_template_line_5103010000
budget_template_line_5103010002,budget_template_y2568_expense,5103010002,ค่าเบี้ยเลี้ยง,budget_template_line_5103010000
budget_template_line_5103010003,budget_template_y2568_expense,5103010003,ค่าที่พัก,budget_template_line_5103010000
budget_template_line_5103010099,budget_template_y2568_expense,5103010099,ค่าใช้จ่ายอื่น ๆ,budget_template_line_5103010000
budget_template_line_5103020000,budget_template_y2568_expense,5103020000,ค่าใช้จ่ายเดินทางเพื่องานราชการต่างประเทศ,budget_template_line_52400
budget_template_line_5103020001,budget_template_y2568_expense,5103020001,ค่าเดินทาง,budget_template_line_5103020000
budget_template_line_5103020002,budget_template_y2568_expense,5103020002,ค่าเบี้ยเลี้ยง,budget_template_line_5103020000
budget_template_line_5103020003,budget_template_y2568_expense,5103020003,ค่าที่พัก,budget_template_line_5103020000
budget_template_line_5103020099,budget_template_y2568_expense,5103020099,ค่าใช้จ่ายอื่น ๆ,budget_template_line_5103020000
budget_template_line_5104030100,budget_template_y2568_expense,5104030100,ค่าประชาสัมพันธ์และค่าพิมพ์,budget_template_line_52400
budget_template_line_5104030101,budget_template_y2568_expense,5104030101,ค่าประชาสัมพันธ์,budget_template_line_5104030100
budget_template_line_5104030102,budget_template_y2568_expense,5104030102,ค่าจัดพิมพ์,budget_template_line_5104030100
budget_template_line_52500,budget_template_y2568_expense,52500,ค่าวัสดุ,budget_template_line_52000
budget_template_line_5104010000,budget_template_y2568_expense,5104010000,ค่าวัสดุใช้ไป,budget_template_line_52500
budget_template_line_5104010101,budget_template_y2568_expense,5104010101,ค่าวัสดุสํานักงานใช้ไป,budget_template_line_5104010000
budget_template_line_5104010102,budget_template_y2568_expense,5104010102,ค่าวัสดุโฆษณาและเผยแพร่ใช้ไป,budget_template_line_5104010000
budget_template_line_5104010103,budget_template_y2568_expense,5104010103,ค่าวัสดุการศึกษาใช้ไป,budget_template_line_5104010000
budget_template_line_5104010104,budget_template_y2568_expense,5104010104,ค่าวัสดุนํ้ามันเชื้อเพลิงและหล่อลื่น,budget_template_line_5104010000
budget_template_line_5104010105,budget_template_y2568_expense,5104010105,ค่าวัสดุงานบ้านงานครัวใช้ไป,budget_template_line_5104010000
budget_template_line_5104010106,budget_template_y2568_expense,5104010106,ค่าวัสดุก่อสร้างและประปา,budget_template_line_5104010000
budget_template_line_5104010107,budget_template_y2568_expense,5104010107,ค่าวัสดุเวชภัณฑ์และการแพทย์,budget_template_line_5104010000
budget_template_line_5104010108,budget_template_y2568_expense,5104010108,ค่าวัสดุกีฬาและชมรมต่างๆ,budget_template_line_5104010000
budget_template_line_5104010109,budget_template_y2568_expense,5104010109,ค่าวัสดุคอมพิวเตอร์และอิเล็กทรอนิกส์ใช้ไปและอิเล็กทรอนิกส์,budget_template_line_5104010000
budget_template_line_5104010110,budget_template_y2568_expense,5104010110,ค่าวัสดุหนังสือ วารสารและตํารา,budget_template_line_5104010000
budget_template_line_5104010111,budget_template_y2568_expense,5104010111,ค่าวัสดุไฟฟ้า และวิทยุ,budget_template_line_5104010000
budget_template_line_5104010112,budget_template_y2568_expense,5104010112,ค่าวัสดุการเกษตร,budget_template_line_5104010000
budget_template_line_5104010113,budget_template_y2568_expense,5104010113,ค่าวัสดุยานพาหนะ,budget_template_line_5104010000
budget_template_line_5104010114,budget_template_y2568_expense,5104010114,ค่าวัสดุแต่งกาย,budget_template_line_5104010000
budget_template_line_5104010115,budget_template_y2568_expense,5104010115,ค่าวัสดุวิทยาศาสตร์,budget_template_line_5104010000
budget_template_line_5104010116,budget_template_y2568_expense,5104010116,ค่าวัสดุในโครงการ,budget_template_line_5104010000
budget_template_line_5104010198,budget_template_y2568_expense,5104010198,ค่าวัสดุคงทนถาวร,budget_template_line_5104010000
budget_template_line_5104010199,budget_template_y2568_expense,5104010199,ค่าวัสดุอื่น,budget_template_line_5104010000
budget_template_line_52600,budget_template_y2568_expense,52600,ค่าสาธารณูปโภค,budget_template_line_52000
budget_template_line_5104020000,budget_template_y2568_expense,5104020000,ค่าสาธารณูปโภคอื่น,budget_template_line_52600
budget_template_line_5104020001,budget_template_y2568_expense,5104020001,ค่าไฟฟ้าสําหรับใช้งาน,budget_template_line_5104020000
budget_template_line_5104020003,budget_template_y2568_expense,5104020003,ค่านํ้าประปาสําหรับใช้งาน,budget_template_line_5104020000
budget_template_line_5104020005,budget_template_y2568_expense,5104020005,ค่าโทรศัพท์สําหรับใช้งาน,budget_template_line_5104020000
budget_template_line_5104020006,budget_template_y2568_expense,5104020006,ค่าใช้จ่ายค่าบริการ Internet,budget_template_line_5104020000
budget_template_line_5104020008,budget_template_y2568_expense,5104020008,ค่าไปรษณีย์โทรเลข,budget_template_line_5104020000
budget_template_line_5104020099,budget_template_y2568_expense,5104020099,ค่าสาธารณูปโภคอื่น ๆ,budget_template_line_5104020000
budget_template_line_53000,budget_template_y2568_expense,53000,งบลงทุน,
budget_template_line_53100,budget_template_y2568_expense,53100,ค่าใช้จ่ายงบลงทุน,budget_template_line_53000
budget_template_line_5411000000,budget_template_y2568_expense,5411000000,อาคารและสิ่งก่อสร้าง,budget_template_line_53100
budget_template_line_5411000001,budget_template_y2568_expense,5411000001,ค่าสิ่งก่อสร้าง (อาคารเพื่อการพักอาศัย),budget_template_line_5411000000
budget_template_line_5411000002,budget_template_y2568_expense,5411000002,ค่าสิ่งก่อสร้าง (อาคารเพื่อประโยชน์อื่น),budget_template_line_5411000000
budget_template_line_5411000003,budget_template_y2568_expense,5411000003,ค่าสิ่งก่อสร้าง (อาคารสํานักงาน),budget_template_line_5411000000
budget_template_line_5411000004,budget_template_y2568_expense,5411000004,สิ่งก่อสร้าง (งานปรับปรุง/ที่ดิน/อาคารเรียน),budget_template_line_5411000000
budget_template_line_5411000005,budget_template_y2568_expense,5411000005,ค่าสิ่งก่อสร้าง (รายการปรับปรุงที่ไม่เพิ่มมูลค่าสิ่งก่อสร้างและตัดเป็นค่าใช้จ่าย),budget_template_line_5411000000
budget_template_line_5411000009,budget_template_y2568_expense,5411000009,ค่าสิ่งก่อสร้าง เงินโครงการ love 4,budget_template_line_5411000000
budget_template_line_5104030207,budget_template_y2568_expense,5104030207,ค่าใช้จ่ายในการปรับปรุงแปลง,budget_template_line_5411000000
budget_template_line_5104030208,budget_template_y2568_expense,5104030208,ค่าเงินชดเชยค่างานสิ่งก่อสร้าง (ค่า K),budget_template_line_5411000000
budget_template_line_5104030209,budget_template_y2568_expense,5104030209,ค่าใช้จ่ายที่ปรึกษาของงบลงทุน,budget_template_line_5411000000
budget_template_line_5412000000,budget_template_y2568_expense,5412000000,ครุภัณฑ์,budget_template_line_53100
budget_template_line_5412000001,budget_template_y2568_expense,5412000001,ค่าครุภัณฑ์สํารวจ,budget_template_line_5412000000
budget_template_line_5412000002,budget_template_y2568_expense,5412000002,ค่าครุภัณฑ์สํานักงาน,budget_template_line_5412000000
budget_template_line_5412000003,budget_template_y2568_expense,5412000003,ค่าครุภัณฑ์คอมพิวเตอร์,budget_template_line_5412000000
budget_template_line_5412000004,budget_template_y2568_expense,5412000004,ค่าครุภัณฑ์การศึกษา,budget_template_line_5412000000
budget_template_line_5412000005,budget_template_y2568_expense,5412000005,ค่าครุภัณฑ์งานบ้านงานครัว,budget_template_line_5412000000
budget_template_line_5412000006,budget_template_y2568_expense,5412000006,ค่าครุภัณฑ์กีฬา,budget_template_line_5412000000
budget_template_line_5412000007,budget_template_y2568_expense,5412000007,ค่าครุภัณฑ์ดนตรี,budget_template_line_5412000000
budget_template_line_5412000008,budget_template_y2568_expense,5412000008,ค่าครุภัณฑ์สนาม,budget_template_line_5412000000
budget_template_line_5412000009,budget_template_y2568_expense,5412000009,ค่าครุภัณฑ์ประเภทอื่น,budget_template_line_5412000000
budget_template_line_5412000010,budget_template_y2568_expense,5412000010,ค่าครุภัณฑ์ประจําอาคาร,budget_template_line_5412000000
budget_template_line_5412000011,budget_template_y2568_expense,5412000011,ค่าครุภัณฑ์พาหนะและขนส่ง,budget_template_line_5412000000
budget_template_line_5412000012,budget_template_y2568_expense,5412000012,ค่าครุภัณฑ์ไฟฟ้าและวิทยุ,budget_template_line_5412000000
budget_template_line_5412000013,budget_template_y2568_expense,5412000013,ค่าครุภัณฑ์โฆษณาและเผยแพร่,budget_template_line_5412000000
budget_template_line_5412000014,budget_template_y2568_expense,5412000014,ค่าครุภัณฑ์การเกษตร,budget_template_line_5412000000
budget_template_line_5412000015,budget_template_y2568_expense,5412000015,ค่าครุภัณฑ์โรงงาน,budget_template_line_5412000000
budget_template_line_5412000016,budget_template_y2568_expense,5412000016,ค่าครุภัณฑ์ก่อสร้าง,budget_template_line_5412000000
budget_template_line_5412000017,budget_template_y2568_expense,5412000017,ค่าครุภัณฑ์วิทยาศาสตร์และการแพทย์,budget_template_line_5412000000
budget_template_line_5412000018,budget_template_y2568_expense,5412000018,ค่าครุภัณฑ์ตํ่ากว่าเกณฑ์ - งบลงทุน,budget_template_line_5412000000
budget_template_line_5412000026,budget_template_y2568_expense,5412000026,ค่าครุภัณฑ์-เงินโครงการ Love 4,budget_template_line_5412000000
budget_template_line_5413000000,budget_template_y2568_expense,5413000000,สินทรัพย์โครงสร้างพื้นฐานอื่น,budget_template_line_53100
budget_template_line_5413000001,budget_template_y2568_expense,5413000001,ค่าสินทรัพย์โครงสร้างพื้นฐานเงินรายได้,budget_template_line_5413000000
budget_template_line_5413000002,budget_template_y2568_expense,5413000002,สินทรัพย์โครงสร้างพื้นฐาน-เงินบริจาค,budget_template_line_5413000000
budget_template_line_5413000003,budget_template_y2568_expense,5413000003,สินทรัพย์โครงสร้างพื้นฐาน -เงินงบประมาณ,budget_template_line_5413000000
budget_template_line_5414000000,budget_template_y2568_expense,5414000000,สินทรัพย์ไม่มีตัวตน,budget_template_line_53100
budget_template_line_5414000001,budget_template_y2568_expense,5414000001,โปรแกรมคอมพิวเตอร์,budget_template_line_5414000000
budget_template_line_5414000002,budget_template_y2568_expense,5414000002,สินทรัพย์ไม่มีตัวตนอื่น,budget_template_line_5414000000
budget_template_line_5415000000,budget_template_y2568_expense,5415000000,งานระหว่างทํา,budget_template_line_53100
budget_template_line_5415000001,budget_template_y2568_expense,5415000001,ครุภัณฑ์ระหว่างก่อสร้าง,budget_template_line_5415000000
budget_template_line_5416000000,budget_template_y2568_expense,5416000000,ที่ดิน,budget_template_line_53100
budget_template_line_5416000001,budget_template_y2568_expense,5416000001,ที่ดินราชพัสดุ,budget_template_line_5416000000
budget_template_line_5416000002,budget_template_y2568_expense,5416000002,ที่ดินที่มีกรรมสิทธิ์,budget_template_line_5416000000
budget_template_line_54000,budget_template_y2568_expense,54000,งบเงินอุดหนุน,
budget_template_line_54100,budget_template_y2568_expense,54100,ค่าใช้จ่ายงบเงินอุดหนุน,budget_template_line_54000
budget_template_line_5107010000,budget_template_y2568_expense,5107010000,ค่าใช้จ่ายเงินอุดหนุน-เพื่อการดําเนินงาน,budget_template_line_54100
budget_template_line_5107010001,budget_template_y2568_expense,5107010001,ค่าสมาชิกสมาคมมหาวิทยาลัยระหว่างชาติ,budget_template_line_5107010000
budget_template_line_5107010002,budget_template_y2568_expense,5107010002,ค่าสมาชิกสมาคมอุดมศึกษาเอเชียอาคเนย์,budget_template_line_5107010000
budget_template_line_5107010003,budget_template_y2568_expense,5107010003,ค่าสมาชิกชมรมไฟฟ้าแสงสว่างประเทศไทย,budget_template_line_5107010000
budget_template_line_5107010004,budget_template_y2568_expense,5107010004,ค่าสมาชิกกีฬามหาวิทยาลัยแห่งประเทศไทย,budget_template_line_5107010000
budget_template_line_5107010005,budget_template_y2568_expense,5107010005,ค่าสมาชิกสมาคมกิจการนักศึกษานานาชาติ,budget_template_line_5107010000
budget_template_line_5107010006,budget_template_y2568_expense,5107010006,ทุนอุดหนุนโครงการความร่วมมือ (ASEA-UNINET),budget_template_line_5107010000
budget_template_line_5107010010,budget_template_y2568_expense,5107010010,เงินอุดหนุนอื่นๆ,budget_template_line_5107010000
budget_template_line_5107010015,budget_template_y2568_expense,5107010015,ค่าใช้จ่ายจากกองทุนสวัสดิการสํารองเลี้ยงชีพ ค่ารักษาพยาบาลและอื่นๆ,budget_template_line_5107010000
budget_template_line_5107010022,budget_template_y2568_expense,5107010022,เงินอุดหนุนทุนการศึกษา,budget_template_line_5107010000
budget_template_line_5107010044,budget_template_y2568_expense,5107010044,ค่าสมาชิก/ค่าสมาคม,budget_template_line_5107010000
budget_template_line_5107010045,budget_template_y2568_expense,5107010045,ค่าใช้จ่ายเงินอุดหนุนเจรจาธุรกิจ,budget_template_line_5107010000
budget_template_line_5107010047,budget_template_y2568_expense,5107010047,ค่าใช้จ่ายอื่นโครงการ Love 4,budget_template_line_5107010000
budget_template_line_5107010048,budget_template_y2568_expense,5107010048,ค่าใช้จ่ายสนับสนุนทุนการศึกษาจากโครงการ love 4,budget_template_line_5107010000
budget_template_line_5107010049,budget_template_y2568_expense,5107010049,ค่าใช้จ่ายสนับสนุนการจัดประชุมวิชาการระดับนานาชาติ,budget_template_line_5107010000
budget_template_line_5107010054,budget_template_y2568_expense,5107010054,ค่าใช้จ่ายโอนเข้ากองทุนเพื่อการการศึกษา- กองกิจ,budget_template_line_5107010000
budget_template_line_5107010059,budget_template_y2568_expense,5107010059,เงินอุดหนุนเพื่อสนับสนุนนโยบายด้านการศึกษา (โครงการปริญญาตรีต่อเนื่อง),budget_template_line_5107010000
budget_template_line_5107010060,budget_template_y2568_expense,5107010060,เงินอุดหนุนเพื่อสนับสนุนนโยบายด้านการศึกษา (โครงการเครือข่ายอุดมศึกษาพี่เลี้ยง),budget_template_line_5107010000
budget_template_line_5107010061,budget_template_y2568_expense,5107010061,เงินอุดหนุนเพื่อสนับสนุนนโยบายด้านการศึกษา (โครงการประเมินความสามารถด้านการใช้ภาษาอังกฤษ),budget_template_line_5107010000
budget_template_line_5107010062,budget_template_y2568_expense,5107010062,เงินอุดหนุนเพื่อสนับสนุนนโยบายด้านพัฒนาศักยภาพทุนมนุษย์,budget_template_line_5107010000
budget_template_line_5107010065,budget_template_y2568_expense,5107010065,ค่าใช้จ่ายในการดําเนินกิจการของสถาบัน,budget_template_line_5107010000
budget_template_line_5107010066,budget_template_y2568_expense,5107010066,ค่าใช้จ่ายโอนเข้ากองทุนเพื่อสนับสนุนการบริหารงานบุคคลของสถาบัน,budget_template_line_5107010000
budget_template_line_5107010067,budget_template_y2568_expense,5107010067,ค่าใช้จ่ายสนับสนุนการบริหารจัดการรายวิชา,budget_template_line_5107010000
budget_template_line_5107010088,budget_template_y2568_expense,5107010088,ค่าใช้จ่ายเงินอุดหนุนโครงการแลกเปลี่ยนนักศึกษานานาชาติ,budget_template_line_5107010000
budget_template_line_5107010089,budget_template_y2568_expense,5107010089,ค่าใช้จ่ายโครงการเตรียมความพร้อมสู่ประชาคมอาเซียน,budget_template_line_5107010000
budget_template_line_5107010091,budget_template_y2568_expense,5107010091,ค่าใช้จ่ายเงินอุดหนุนโครงการศิลปวัฒนธรรม,budget_template_line_5107010000
budget_template_line_5107010092,budget_template_y2568_expense,5107010092,ค่าใช้จ่ายเงินอุดหนุนโครงการบริการวิชาการ,budget_template_line_5107010000
budget_template_line_5107010094,budget_template_y2568_expense,5107010094,ค่าใช้จ่ายเงินอุดหนุน-เพื่อพิจารณาโครงการวิจัย,budget_template_line_5107010000
budget_template_line_5107010801,budget_template_y2568_expense,5107010801,เงินเดือนพนักงานเดิม (งปม.),budget_template_line_5107010000
budget_template_line_5107010802,budget_template_y2568_expense,5107010802,เงินประจําตําแหน่งทางวิชาการ ผศ./รศ./ศ.พนักงานเดิม,budget_template_line_5107010000
budget_template_line_5107010803,budget_template_y2568_expense,5107010803,เงินประจําตําแหน่งชํานาญการพนักงานเดิม,budget_template_line_5107010000
budget_template_line_5107010804,budget_template_y2568_expense,5107010804,เงินประจําตําแหน่งผู้เชี่ยวชาญพนักงานเดิม,budget_template_line_5107010000
budget_template_line_5107010805,budget_template_y2568_expense,5107010805,เงินค่าครองชีพพนักงานเดิม,budget_template_line_5107010000
budget_template_line_5107010806,budget_template_y2568_expense,5107010806,เงินประจําตําแหน่งผู้บริหารในมหาวิทยาลัย(พนักงานเดิม),budget_template_line_5107010000
budget_template_line_5107010807,budget_template_y2568_expense,5107010807,เงินตอบแทนเงินประจําตําแหน่งของพนักงานเดิม,budget_template_line_5107010000
budget_template_line_5107010901,budget_template_y2568_expense,5107010901,เงินเดือนพนักงานที่เปลี่ยนสภาพจากข้าราชการ,budget_template_line_5107010000
budget_template_line_5107010902,budget_template_y2568_expense,5107010902,เงินประจําตําแหน่งผู้บริหารในมหาวิทยาลัย (พนักงานเปลี่ยนสภาพจากข้าราชการ),budget_template_line_5107010000
budget_template_line_5107010903,budget_template_y2568_expense,5107010903,เงินประจําตําแหน่งทางวิชาการ ผศ./รศ./ศ.พนักงานเปลี่ยนสภาพจากข้าราชการ,budget_template_line_5107010000
budget_template_line_5107010904,budget_template_y2568_expense,5107010904,เงินประจําตําแหน่งชํานาญการพนักงานเปลี่ยนสภาพจากข้าราชการ,budget_template_line_5107010000
budget_template_line_5107010905,budget_template_y2568_expense,5107010905,เงินประจําตําแหน่งผู้เชี่ยวชาญพนักงานเปลี่ยนสภาพจากข้าราชการ,budget_template_line_5107010000
budget_template_line_5107010906,budget_template_y2568_expense,5107010906,เงินประจําตําแหน่งบริหารสนับสนุนวิชาการพนักงานเปลี่ยนสภาพ(ผอ.ส่วน/ผอ.ส่วนสนับสนุนวิชาการ),budget_template_line_5107010000
budget_template_line_5107010907,budget_template_y2568_expense,5107010907,เงินตอบแทนเงินประจําตําแหน่งพนักงานเปลี่ยนสภาพจากข้าราชการ,budget_template_line_5107010000
budget_template_line_5107010908,budget_template_y2568_expense,5107010908,ค่าตอบแทนพิเศษพนักงานเต็มขั้น (พนักงานเปลี่ยนสภาพจากข้าราชการ),budget_template_line_5107010000
budget_template_line_5107030003,budget_template_y2568_expense,5107030003,ทุนอุดหนุนการทําวิทยานิพนธ์ของนักศึกษา,budget_template_line_5107010000
budget_template_line_5107030004,budget_template_y2568_expense,5107030004,ทุนอุดหนุนบุคลากรศึกษาต่อปริญญาโท-เอก ในประเทศ,budget_template_line_5107010000
budget_template_line_5107030005,budget_template_y2568_expense,5107030005,ทุนอุดหนุนบุคลากรศึกษาต่อปริญญาโท-เอก ต่างประเทศ,budget_template_line_5107010000
budget_template_line_5107010068,budget_template_y2568_expense,5107010068,ค่าใช้จ่ายสนับสนุนพัฒนาแพทยศาสตรศึกษา,budget_template_line_5107010000
budget_template_line_5107010069,budget_template_y2568_expense,5107010069,ค่าใช้จ่ายสนับสนุนการสอบ Comprehensive Exam,budget_template_line_5107010000
budget_template_line_5107010200,budget_template_y2568_expense,5107010200,ค่าใช้จ่ายเงินอุดหนุน-เพื่อการวิจัย (งบประมาณวิจัยจากแหล่งอื่น),budget_template_line_5107010000
budget_template_line_5107010201,budget_template_y2568_expense,5107010201,อุดหนุนการวิจัย-เงินงบประมาณ,budget_template_line_5107010000
budget_template_line_5107010202,budget_template_y2568_expense,5107010202,อุดหนุนการวิจัย-เงินรายได้,budget_template_line_5107010000
budget_template_line_5107010203,budget_template_y2568_expense,5107010203,อุดหนุนการวิจัย-อื่น ๆ,budget_template_line_5107010000
budget_template_line_5107010211,budget_template_y2568_expense,5107010211,ค่าจ้างชั่วคราว – โครงการวิจัย,budget_template_line_5107010000
budget_template_line_5107010221,budget_template_y2568_expense,5107010221,ค่าล่วงเวลา - โครงการวิจัย,budget_template_line_5107010000
budget_template_line_5107010222,budget_template_y2568_expense,5107010222,ค่าตอบแทน – โครงการวิจัย,budget_template_line_5107010000
budget_template_line_5107010231,budget_template_y2568_expense,5107010231,ค่าจ้างเหมาบริการ – โครงการวิจัย,budget_template_line_5107010000
budget_template_line_5107010241,budget_template_y2568_expense,5107010241,ค่าเดินทาง – โครงการวิจัย,budget_template_line_5107010000
budget_template_line_5107010251,budget_template_y2568_expense,5107010251,ค่าเบี้ยเลี้ยง – โครงการวิจัย,budget_template_line_5107010000
budget_template_line_5107010261,budget_template_y2568_expense,5107010261,ค่าที่พัก – โครงการวิจัย,budget_template_line_5107010000
budget_template_line_5107010271,budget_template_y2568_expense,5107010271,ค่าวัสดุอื่นๆ – โครงการวิจัย,budget_template_line_5107010000
budget_template_line_5107010281,budget_template_y2568_expense,5107010281,ค่าวัสดุการศึกษา - โครงการวิจัย,budget_template_line_5107010000
budget_template_line_5107010282,budget_template_y2568_expense,5107010282,ค่าสาธารณูปโภค -โครงการวิจัย,budget_template_line_5107010000
budget_template_line_5107010291,budget_template_y2568_expense,5107010291,ค่าครุภัณฑ์การศึกษา - โครงการวิจัย (รวมครุภัณฑ์อื่นๆด้วย),budget_template_line_5107010000
budget_template_line_5107010292,budget_template_y2568_expense,5107010292,ค่าหลักสูตร - โครงการวิจัย (ในโครงการวิจัยต้องระบุว่ามีค่าใช้จ่ายเกี่ยวกับฝึกอบรมจึงจะเบิกได้),budget_template_line_5107010000
budget_template_line_5107010294,budget_template_y2568_expense,5107010294,ค่าใช้จ่ายโอนเข้ากองทุนวิจัย – กองบริการ,budget_template_line_5107010000
budget_template_line_5107010295,budget_template_y2568_expense,5107010295,ค่าใช้จ่ายสัมมนาเพื่อเผยแพร่ผลงาน - โครงการวิจัย (ในโครงการวิจัยมีการระบุไว้),budget_template_line_5107010000
budget_template_line_5107010021,budget_template_y2568_expense,5107010021,ทุนอุดหนุนการเดินทางไปเสนอบทความทางวิชาการ,budget_template_line_54100
budget_template_line_5107010101,budget_template_y2568_expense,5107010101,ค่าหลักสูตร,budget_template_line_5107010021
budget_template_line_5107010102,budget_template_y2568_expense,5107010102,ค่าเดินทาง,budget_template_line_5107010021
budget_template_line_5107010103,budget_template_y2568_expense,5107010103,ค่าเบี้ยเลี้ยง,budget_template_line_5107010021
budget_template_line_5107010104,budget_template_y2568_expense,5107010104,ค่าที่พัก,budget_template_line_5107010021
budget_template_line_5107010106,budget_template_y2568_expense,5107010106,ค่าใช้จ่ายอื่น ๆ,budget_template_line_5107010021
budget_template_line_5107010400,budget_template_y2568_expense,5107010400,เงินอุดหนุนโครงการบูรณาการ (เงินงบประมาณ),budget_template_line_54100
budget_template_line_5107010401,budget_template_y2568_expense,5107010401,ค่าใช้จ่ายดําเนินงาน : โครงการบูรณาการ,budget_template_line_5107010400
budget_template_line_5107010402,budget_template_y2568_expense,5107010402,ค่าครุภัณฑ์ : โครงการบูรณาการ,budget_template_line_5107010400
budget_template_line_5107010403,budget_template_y2568_expense,5107010403,ค่าสิ่งก่อสร้าง : โครงการบูรณาการ,budget_template_line_5107010400
budget_template_line_5107010500,budget_template_y2568_expense,5107010500,เงินอุดหนุนโครงการยุทธศาสตร์ (เงินงบประมาณและเงินรายได้),budget_template_line_54100
budget_template_line_5107010501,budget_template_y2568_expense,5107010501,ค่าใช้จ่ายดําเนินงาน : โครงการยุทธศาสตร์,budget_template_line_5107010500
budget_template_line_5107010502,budget_template_y2568_expense,5107010502,ค่าครุภัณฑ์ : โครงการยุทธศาสตร์,budget_template_line_5107010500
budget_template_line_5107010503,budget_template_y2568_expense,5107010503,สิ่งก่อสร้าง : โครงการยุทธศาสตร์,budget_template_line_5107010500
budget_template_line_5107010600,budget_template_y2568_expense,5107010600,ค่าใช้จ่าย Internal Business Unit (IBU),budget_template_line_54100
budget_template_line_5107010601,budget_template_y2568_expense,5107010601,ค่าใช้จ่ายดําเนินงาน : Internal Business Unit (IBU),budget_template_line_5107010600
budget_template_line_5107010602,budget_template_y2568_expense,5107010602,ค่าครุภัณฑ์ : Internal Business Unit (IBU),budget_template_line_5107010600
budget_template_line_5107010603,budget_template_y2568_expense,5107010603,ค่าสิ่งก่อสร้าง : Internal Business Unit (IBU),budget_template_line_5107010600
budget_template_line_5107010700,budget_template_y2568_expense,5107010700,เงินอุดหนุนโครงการยุทธศาสตร์การวิจัยและนวัตกรรม,budget_template_line_54100
budget_template_line_5107010701,budget_template_y2568_expense,5107010701,ค่าใช้จ่ายดําเนินงาน : โครงการยุทธศาสตร์การวิจัยและนวัตกรรม,budget_template_line_5107010700
budget_template_line_5107010702,budget_template_y2568_expense,5107010702,ค่าครุภัณฑ์ : โครงการยุทธศาสตร์การวิจัยและนวัตกรรม,budget_template_line_5107010700
budget_template_line_5107010703,budget_template_y2568_expense,5107010703,ค่าสิ่งก่อสร้าง : โครงการยุทธศาสตร์การวิจัยและนวัตกรรม,budget_template_line_5107010700
budget_template_line_5111000100,budget_template_y2568_expense,5111000100,ค่าใช้จ่ายอุดหนุน - จากหน่วยงานภาครัฐ,budget_template_line_54100
budget_template_line_5111000101,budget_template_y2568_expense,5111000101,ค่าใช้จ่ายดําเนินงาน - อุดหนุนจากหน่วยงานภาครัฐ (สถาบันไทยโคเซ็น),budget_template_line_5111000100
budget_template_line_5111000102,budget_template_y2568_expense,5111000102,ค่าครุภัณฑ์ - อุดหนุนจากหน่วยงานภาครัฐ (สถาบันไทยโคเซ็น),budget_template_line_5111000100
budget_template_line_5111000103,budget_template_y2568_expense,5111000103,ค่าสิ่งก่อสร้าง - อุดหนุนจากหน่วยงานภาครัฐ (สถาบันไทยโคเซ็น),budget_template_line_5111000100
budget_template_line_5111000104,budget_template_y2568_expense,5111000104,ค่าใช้จ่ายดําเนินงาน - อุดหนุนจากหน่วยงานภาครัฐ (โครงการผลิตบัณฑิตพันธุ์ไหม่),budget_template_line_5111000100
budget_template_line_5111000105,budget_template_y2568_expense,5111000105,ค่าใช้จ่ายดําเนินงาน - อุดหนุนจากหน่วยงานภาครัฐ (โครงการเรียนรู้ตลอดชีวิตฯ (Upskill/Reskill)),budget_template_line_5111000100
budget_template_line_5111000106,budget_template_y2568_expense,5111000106,ค่าใช้จ่ายดําเนินงาน - อุดหนุนจากหน่วยงานภาครัฐ (การทําข้อตกลง MOU เป็นต้น),budget_template_line_5111000100
budget_template_line_55000,budget_template_y2568_expense,55000,งบรายจ่ายอื่น,
budget_template_line_55100,budget_template_y2568_expense,55100,ค่าใช้จ่ายอื่น,budget_template_line_55000
budget_template_line_5108000000,budget_template_y2568_expense,5108000000,ค่าใช้จ่ายอื่น,budget_template_line_55100
budget_template_line_5108000001,budget_template_y2568_expense,5108000001,หนี้สงสัยจะสูญ - เงินรองรับเพื่อชดเชยความเสียหาย,budget_template_line_5108000000
budget_template_line_5108000002,budget_template_y2568_expense,5108000002,หนี้สูญ,budget_template_line_5108000000
budget_template_line_5108000003,budget_template_y2568_expense,5108000003,ค่าสนับสนุนการดําเนินงานที่ประชุมสภาคณาจารย์/สภาคณบดี/หรือเทียบเท่า,budget_template_line_5108000000
budget_template_line_5108000004,budget_template_y2568_expense,5108000004,ค่าใช้จ่ายพิธีพระราชทานปริญญาบัตร,budget_template_line_5108000000
budget_template_line_5108000005,budget_template_y2568_expense,5108000005,ค่าใช้จ่ายสนับสนุนกีฬาบุคลากร,budget_template_line_5108000000
budget_template_line_5108000006,budget_template_y2568_expense,5108000006,ค่าใช้จ่ายโครงการความร่วมมือสถาบันฯ ต่างประเทศ,budget_template_line_5108000000
budget_template_line_5108000007,budget_template_y2568_expense,5108000007,ค่าใช้จ่ายสนับสนุนกีฬามหาวิทยาลัย,budget_template_line_5108000000
budget_template_line_5108000008,budget_template_y2568_expense,5108000008,ค่าใช้จ่ายในการรับสมัครและสอบคัดเลือกนักศึกษาปริญญาตรี (สอบคัดเลือกนักศึกษาเข้าใหม่ทุกประเภท),budget_template_line_5108000000
budget_template_line_5108000009,budget_template_y2568_expense,5108000009,ค่าใช้จ่ายในการรับสมัครและสอบคัดเลือกนักศึกษาปริญญาโท-เอก (สอบคัดเลือกนักศึกษาเข้าใหม่ทุกประเภท),budget_template_line_5108000000
budget_template_line_5108000010,budget_template_y2568_expense,5108000010,ค่าใช้จ่ายในการจัดทําระบบการประกันคุณภาพ,budget_template_line_5108000000
budget_template_line_5108000011,budget_template_y2568_expense,5108000011,ค่าใช้จ่ายในการดําเนินงานโครงการวิเคราะห์ข้อมูลวิจัยสถาบันเพื่อการวางแผน,budget_template_line_5108000000
budget_template_line_5108000012,budget_template_y2568_expense,5108000012,ค่าใช้จ่ายในการดําเนินการปรับเปลี่ยนเป็นมหาวิทยาลัยในกํากับ,budget_template_line_5108000000
budget_template_line_5108000013,budget_template_y2568_expense,5108000013,ค่าใช้จ่ายในการทํารายงานประจําปี,budget_template_line_5108000000
budget_template_line_5108000014,budget_template_y2568_expense,5108000014,ค่าใช้จ่ายอื่นๆ,budget_template_line_5108000000
budget_template_line_5108000017,budget_template_y2568_expense,5108000017,ขาดทุนจากอัตราแลกเปลี่ยนเงินตราต่างประเทศ,budget_template_line_5108000000
budget_template_line_5108000018,budget_template_y2568_expense,5108000018,ค่าใช้จ่ายอื่นเกี่ยวกับกิจกรรมนักศึกษา,budget_template_line_5108000000
budget_template_line_5108000019,budget_template_y2568_expense,5108000019,โครงการพิเศษรายจ่ายอื่น,budget_template_line_5108000000
budget_template_line_5108000020,budget_template_y2568_expense,5108000020,ค่าใช้จ่ายในการดําเนินกิจกรรมพิเศษรายจ่ายอื่น,budget_template_line_5108000000
budget_template_line_5108000022,budget_template_y2568_expense,5108000022,ค่าใช้จ่ายโครงงานนักศึกษา,budget_template_line_5108000000
budget_template_line_5108000023,budget_template_y2568_expense,5108000023,ค่าใช้จ่ายที่เกี่ยวกับการพัฒนาคุณภาพนักศึกษา,budget_template_line_5108000000
budget_template_line_5108000024,budget_template_y2568_expense,5108000024,ค่าใช้จ่ายในการบริหารจัดการกลาง,budget_template_line_5108000000
budget_template_line_5108000025,budget_template_y2568_expense,5108000025,ค่าใช้จ่ายจากเงิน ทอท.,budget_template_line_5108000000
budget_template_line_5108000029,budget_template_y2568_expense,5108000029,ค่าใช้จ่ายการเรียนและการสอนภาษาอังกฤษ(พิเศษ),budget_template_line_5108000000
budget_template_line_5108000031,budget_template_y2568_expense,5108000031,ค่าใช้จ่ายดําเนินการสถานการณ์การฉุกเฉิน (อุทกภัย อัคคีภัย ฯลฯ),budget_template_line_5108000000
budget_template_line_5108000032,budget_template_y2568_expense,5108000032,ค่าใช้จ่ายเพื่อการพัฒนาคุณภาพนักศึกษาที่ได้รับจากเงินบริจาคสนับสนุนกิจกรรม/โครงการต่าง ๆ ของนักศึกษา,budget_template_line_5108000000
budget_template_line_5108000036,budget_template_y2568_expense,5108000036,ค่าใช้จ่ายผลประโยชน์พนักงานหลังออกจากงาน,budget_template_line_5108000000
budget_template_line_5108000037,budget_template_y2568_expense,5108000037,ค่าใช้จ่ายการจัดสอบมาตรฐานความรู้ภาษาอังกฤษก่อนจบการศึกษา(Exit - Exam ),budget_template_line_5108000000
budget_template_line_5108000038,budget_template_y2568_expense,5108000038,ค่าใช้จ่ายอัตราผลตอบแทนชดใช้เงินสถาบันฯ,budget_template_line_5108000000
budget_template_line_5108010102,budget_template_y2568_expense,5108010102,บัญชีหนี้สูญ – ร้านค้า,budget_template_line_5108000000
budget_template_line_5108010103,budget_template_y2568_expense,5108010103,บัญชีหนี้สูญ – ลูกหนี้นักศึกษา,budget_template_line_5108000000
budget_template_line_5109000000,budget_template_y2568_expense,5109000000,ค่าใช้จ่ายจากงานบริการ/วิจัย,budget_template_line_55100
budget_template_line_5109000002,budget_template_y2568_expense,5109000002,ค่าใช้สอย – งานบริการ,budget_template_line_5109000000
budget_template_line_5109000004,budget_template_y2568_expense,5109000004,ค่าใช้จ่ายอื่น ๆ – งานบริการ,budget_template_line_5109000000
budget_template_line_5109100001,budget_template_y2568_expense,5109100001,ค่าตอบแทน – งานบริการ,budget_template_line_5109000000
budget_template_line_5109100003,budget_template_y2568_expense,5109100003,ค่าวัสดุ – งานบริการ,budget_template_line_5109000000
budget_template_line_5109100008,budget_template_y2568_expense,5109100008,ค่าจ้างชั่วคราว – งานบริการ,budget_template_line_5109000000
budget_template_line_5109100009,budget_template_y2568_expense,5109100009,ค่าใช้จ่ายในการจัดประชุมทางวิชาการ,budget_template_line_5109000000
budget_template_line_5109100010,budget_template_y2568_expense,5109100010,ค่าใช้จ่ายในการดําเนินโครงการ,budget_template_line_5109000000
budget_template_line_5109100016,budget_template_y2568_expense,5109100016,ค่าใช้จ่ายในการดําเนินงานทรัพย์สินทางปัญญา,budget_template_line_5109000000
budget_template_line_e702,budget_template_y2568_expense,e702,งบกองทุนสำรอง,
budget_template_line_702,budget_template_y2568_expense,702,กองทุนสำรอง,budget_template_line_e702
budget_template_line_r49000,budget_template_y2568_revenue,"r49000","ค่าธรรมเนียมการศึกษา และค่าธรรมเนียมอื่น ๆ",
budget_template_line_r43100,budget_template_y2568_revenue,"43100","รายได้ค่าธรรมเนียมการศึกษา",budget_template_line_r49000
budget_template_line_r4121010010,budget_template_y2568_revenue,"4121010010","รายได้ค่าบํารุงกีฬา",budget_template_line_r43100
budget_template_line_r4121010011,budget_template_y2568_revenue,"4121010011","รายได้ค่าบํารุงห้องสมุด",budget_template_line_r43100
budget_template_line_r4121010013,budget_template_y2568_revenue,"4121010013","รายได้ค่าบริการสุขภาพ",budget_template_line_r43100
budget_template_line_r4121010014,budget_template_y2568_revenue,"4121010014","รายได้ค่ากิจกรรมนักศึกษา",budget_template_line_r43100
budget_template_line_r4121010017,budget_template_y2568_revenue,"4121010017","รายได้ค่าบัตรประจําตัวนักศึกษา",budget_template_line_r43100
budget_template_line_r4121010022,budget_template_y2568_revenue,"4121010022","รายได้ค่าปรับลงทะเบียนล่าช้า",budget_template_line_r43100
budget_template_line_r4121010023,budget_template_y2568_revenue,"4121010023","รายได้ค่าปรับชําระเงินล่าช้า",budget_template_line_r43100
budget_template_line_r4121010024,budget_template_y2568_revenue,"4121010024","รายได้ค่าธรรมเนียมการศึกษาปริญญาตรี",budget_template_line_r43100
budget_template_line_r4121010025,budget_template_y2568_revenue,"4121010025","รายได้ค่าธรรมเนียมการศึกษาปริญญาโท",budget_template_line_r43100
budget_template_line_r4121010026,budget_template_y2568_revenue,"4121010026","รายได้ค่าสอนบริการ",budget_template_line_r43100
budget_template_line_r4121010050,budget_template_y2568_revenue,"4121010050","รายได้ค่าธรรมเนียมการศึกษา-สนับสนุนหน่วยงานกลาง 21 %",budget_template_line_r43100
budget_template_line_r4121010051,budget_template_y2568_revenue,"4121010051","รายได้ค่าธรรมเนียมการศึกษา-ดําเนินการตามยุทธศาสตร์ 5 %",budget_template_line_r43100
budget_template_line_r4121010052,budget_template_y2568_revenue,"4121010052","รายได้ค่าหน่วยกิจโอนเข้ากองทุนเพื่อการศึกษา",budget_template_line_r43100
budget_template_line_r4121010053,budget_template_y2568_revenue,"4121010053","รายได้ค่าหน่วยกิจโอนเข้ากองทุนวิจัย",budget_template_line_r43100
budget_template_line_r4121010054,budget_template_y2568_revenue,"4121010054","รายได้ค่าธรรมเนียมการศึกษากันสํารอง 15 %",budget_template_line_r43100
budget_template_line_r4121010059,budget_template_y2568_revenue,"4121010059","รายได้ค่าธรรมเนียมการเรียนการสอนภาษาอังกฤษ",budget_template_line_r43100
budget_template_line_r4121010060,budget_template_y2568_revenue,"4121010060","รายได้ค่าธรรมเนียมการศึกษาเหมาจ่ายภาคฤดูร้อน ปริญญาตรี",budget_template_line_r43100
budget_template_line_r4121010061,budget_template_y2568_revenue,"4121010061","รายได้ค่าธรรมเนียมการศึกษาเหมาจ่ายภาคฤดูร้อน กันสํารอง 15 %",budget_template_line_r43100
budget_template_line_r4121010062,budget_template_y2568_revenue,"4121010062","รายได้ค่าธรรมเนียมการศึกษาเหมาจ่ายภาคฤดูร้อน ปริญญาโท",budget_template_line_r43100
budget_template_line_r4121010063,budget_template_y2568_revenue,"4121010063","รายได้ค่าธรรมเนียมการศึกษาจาการสอนวิชาพื้นฐาน (สอนบริการ)",budget_template_line_r43100
budget_template_line_r4121010092,budget_template_y2568_revenue,"4121010092","รายได้รับจากกองทุนวิจัย",budget_template_line_r43100
budget_template_line_r4121010094,budget_template_y2568_revenue,"4121010094","รายได้รับจากกองทุนเพื่อการศึกษา",budget_template_line_r43100
budget_template_line_r4121010099,budget_template_y2568_revenue,"4121010099","รายได้ค่าธรรมเนียมการศึกษาอื่นๆ (เกี่ยวกับการเรียนการสอน)",budget_template_line_r43100
budget_template_line_r4121010200,budget_template_y2568_revenue,"4121010200","รายได้ค่าธรรมเนียมการศึกษาโครงการ MOU(สําหรับส่วนที่ขอยกเว้น)",budget_template_line_r43100
budget_template_line_r4124000004,budget_template_y2568_revenue,"4124000004","เงินสนับสนุนงานวิจัย 2.5 %",budget_template_line_r43100
budget_template_line_r43200,budget_template_y2568_revenue,"43200","รายได้ค่าธรรมเนียมอื่นๆ",budget_template_line_r49000
budget_template_line_r4121020001,budget_template_y2568_revenue,"4121020001","รายได้ค่าปรับหนังสือส่งคืนเกินกําหนด",budget_template_line_r43200
budget_template_line_r4121020002,budget_template_y2568_revenue,"4121020002","รายได้ค่าบริการสืบค้นฐานข้อมูล CD-ROM",budget_template_line_r43200
budget_template_line_r4121020003,budget_template_y2568_revenue,"4121020003","รายได้ค่าใบรับรอง Transcript",budget_template_line_r43200
budget_template_line_r4121020004,budget_template_y2568_revenue,"4121020004","รายได้ค่าขึ้นทะเบียนบัณฑิต",budget_template_line_r43200
budget_template_line_r4121020007,budget_template_y2568_revenue,"4121020007","รายได้ค่าสมัครสอบคัดเลือกนักศึกษาระดับปริญญาตรี",budget_template_line_r43200
budget_template_line_r4121020008,budget_template_y2568_revenue,"4121020008","รายได้ค่าสมัครสอบคัดเลือกนักศึกษาระดับปริญญาโท",budget_template_line_r43200
budget_template_line_r4121020015,budget_template_y2568_revenue,"4121020015","รายได้ค่าธรรมนียมจัดสอบมาตรฐานความรู้ภาษาอังกฤษก่อนจบการศึกษา(Exit-Exam)",budget_template_line_r43200
budget_template_line_r4121020097,budget_template_y2568_revenue,"4121020097","รายได้จากค่าจัดสรรเหมาจ่ายรายหัวในการคัดเลือกระบบตรง",budget_template_line_r43200
budget_template_line_r4121020098,budget_template_y2568_revenue,"4121020098","รายได้จากการโอนระหว่างหน่วยงาน",budget_template_line_r43200
budget_template_line_r4121020099,budget_template_y2568_revenue,"4121020099","รายได้ค่าธรรมเนียมอื่นๆ",budget_template_line_r43200
budget_template_line_r43300,budget_template_y2568_revenue,"43300","รายได้จากงานบริการ",
budget_template_line_r4121030001,budget_template_y2568_revenue,"4121030001","รายได้ค่าจัดประชุม สัมมนา ฝึกอบรม",budget_template_line_r43300
budget_template_line_r4121030003,budget_template_y2568_revenue,"4121030003","รายได้เงินอุดหนุนการวิจัยจากแหล่งทุนภายนอก",budget_template_line_r43300
budget_template_line_r4121030004,budget_template_y2568_revenue,"4121030004","รายได้เงินอุดหนุนการวิจัยจาก NECTEC",budget_template_line_r43300
budget_template_line_r4121030005,budget_template_y2568_revenue,"4121030005","รายได้เงินอุดหนุนการวิจัยจากศูนย์นาโนแห่งชาติ",budget_template_line_r43300
budget_template_line_r4121030006,budget_template_y2568_revenue,"4121030006","รายได้เงินอุดหนุนการวิจัยจากสถาบันฯ",budget_template_line_r43300
budget_template_line_r4121030007,budget_template_y2568_revenue,"4121030007","รายได้เงินอุดหนุนการวิจัยจากคณะ",budget_template_line_r43300
budget_template_line_r4121030008,budget_template_y2568_revenue,"4121030008","รายได้จากทรัพย์สินทางปัญญา",budget_template_line_r43300
budget_template_line_r4121030009,budget_template_y2568_revenue,"4121030009","รายได้ผลประโยชน์จากเงินและทรัพย์สินของกองทุนวิจัย",budget_template_line_r43300
budget_template_line_r4121030010,budget_template_y2568_revenue,"4121030010","รายได้ค่าสมัครเรียนภาษาญี่ปุ่ น",budget_template_line_r43300
budget_template_line_r4121030011,budget_template_y2568_revenue,"4121030011","รายได้ค่าลงทะเบียนเรียนภาษาญี่ปุ่ น",budget_template_line_r43300
budget_template_line_r4121030012,budget_template_y2568_revenue,"4121030012","รายได้ค่าบริการทางวิชาการจากงานที่ปรึกษาโครงการและอื่น",budget_template_line_r43300
budget_template_line_r4121030013,budget_template_y2568_revenue,"4121030013","รายได้จากการทดสอบ",budget_template_line_r43300
budget_template_line_r4121030014,budget_template_y2568_revenue,"4121030014","รายได้จากค่าบริการงานวิจัย",budget_template_line_r43300
budget_template_line_r4121030015,budget_template_y2568_revenue,"4121030015","รายได้ค่าบริหารโครงการ (เงินอุดหนุนวิจัยจากแหล่งทุนภายนอก)",budget_template_line_r43300
budget_template_line_r4121030016,budget_template_y2568_revenue,"4121030016","รายได้เงินอุดหนุนวิจัยจากการปรับปรุง",budget_template_line_r43300
budget_template_line_r4121030017,budget_template_y2568_revenue,"4121030017","รายได้พิเศษงวด ก",budget_template_line_r43300
budget_template_line_r4121030096,budget_template_y2568_revenue,"4121030096","รายได้ค่าธรรมเนียมการใช้บริการโครงการคลินิกภาษา",budget_template_line_r43300
budget_template_line_r4121030097,budget_template_y2568_revenue,"4121030097","รายได้จากเงินสนับสนุนเพื่อการอบรม วิจัย และพัฒนา",budget_template_line_r43300
budget_template_line_r4121030098,budget_template_y2568_revenue,"4121030098","รายได้จากการใช้เครื่องมือกลางภายใต้ศูนย์วิจัยร่วมภาครัฐ-เอกชน",budget_template_line_r43300
budget_template_line_r4121030099,budget_template_y2568_revenue,"4121030099","รายได้จากงานบริการอื่น ๆ",budget_template_line_r43300
budget_template_line_r43400,budget_template_y2568_revenue,"43400","รายได้จากเงินผลประโยชน์",
budget_template_line_r4121040001,budget_template_y2568_revenue,"4121040001","รายได้ค่าธรรมเนียมหอพักนักศึกษา",budget_template_line_r43400
budget_template_line_r4121040002,budget_template_y2568_revenue,"4121040002","รายได้ค่าเช่าหอพักนักศึกษา",budget_template_line_r43400
budget_template_line_r4121040003,budget_template_y2568_revenue,"4121040003","รายได้ค่าเช่าร้านค้าและสถานที่ (ผู้เช่าระบุประเภท ให้ทุนการศึกษา ค่าบํารุงการศึกษา และค่าบํารุงห้องสมุด)",budget_template_line_r43400
budget_template_line_r4121040004,budget_template_y2568_revenue,"4121040004","รายได้จากการจําหน่ายผลผลิตทางการเกษตร",budget_template_line_r43400
budget_template_line_r4121040005,budget_template_y2568_revenue,"4121040005","รายได้จากการจําหน่ายนํ้าดื่มแคแสด",budget_template_line_r43400
budget_template_line_r4121040006,budget_template_y2568_revenue,"4121040006","รายได้ค่าบริการสระว่ายนํ้า และศูนย์กีฬา",budget_template_line_r43400
budget_template_line_r4121040007,budget_template_y2568_revenue,"4121040007","รายได้ค่าสมัครสมาชิกสระว่ายนํ้า",budget_template_line_r43400
budget_template_line_r4121040008,budget_template_y2568_revenue,"4121040008","รายได้ค่าเรียนว่ายนํ้า",budget_template_line_r43400
budget_template_line_r4121040009,budget_template_y2568_revenue,"4121040009","รายได้จากการจําหน่ายตํารา",budget_template_line_r43400
budget_template_line_r4121040010,budget_template_y2568_revenue,"4121040010","รายได้จากการลงทุนหรือร่วมลงทุนจากทรัพย์สินของสถาบันฯ",budget_template_line_r43400
budget_template_line_r4121040012,budget_template_y2568_revenue,"4121040012","รายได้จากค่าบํารุงโรงอาหาร",budget_template_line_r43400
budget_template_line_r4121040013,budget_template_y2568_revenue,"4121040013","รายได้ค่าไฟฟ้าคอนโด 12 ชั้น",budget_template_line_r43400
budget_template_line_r4121040015,budget_template_y2568_revenue,"4121040015","รายได้ค่าเช่าคอนโด",budget_template_line_r43400
budget_template_line_r4121040016,budget_template_y2568_revenue,"4121040016","รายได้ค่าบริการห้องออกกําลังกาย",budget_template_line_r43400
budget_template_line_r4121040017,budget_template_y2568_revenue,"4121040017","รายได้ค่าบริการสนามแบดมินตัน",budget_template_line_r43400
budget_template_line_r4121040018,budget_template_y2568_revenue,"4121040018","รายได้ค่าบริการสนามเทนนิส",budget_template_line_r43400
budget_template_line_r4121040019,budget_template_y2568_revenue,"4121040019","รายได้ค่าเช่าบ้านพัก",budget_template_line_r43400
budget_template_line_r4121040021,budget_template_y2568_revenue,"4121040021","รายได้ค่านํ้าคอนโด 12 ชั้น",budget_template_line_r43400
budget_template_line_r4121040022,budget_template_y2568_revenue,"4121040022","รายได้ค่าไฟฟ้าและนํ้าประปา",budget_template_line_r43400
budget_template_line_r4121040023,budget_template_y2568_revenue,"4121040023","รายได้จากงานพระราชทานปริญญาบัตร",budget_template_line_r43400
budget_template_line_r4121040024,budget_template_y2568_revenue,"4121040024","รายได้ค่านํ้าประปาร้านค้า",budget_template_line_r43400
budget_template_line_r4121040025,budget_template_y2568_revenue,"4121040025","รายได้ค่าไฟฟ้าร้านค้า",budget_template_line_r43400
budget_template_line_r4121040026,budget_template_y2568_revenue,"4121040026","รายได้ค่าไฟฟ้าและนํ้าประปาหอพักนักศึกษา",budget_template_line_r43400
budget_template_line_r4121040027,budget_template_y2568_revenue,"4121040027","รายได้ค่าไฟฟ้าบ้านพักสถาบัน",budget_template_line_r43400
budget_template_line_r4121040034,budget_template_y2568_revenue,"4121040034","รายได้ค่ารถโดยสารสวัสดิการ",budget_template_line_r43400
budget_template_line_r4121040028,budget_template_y2568_revenue,"4121040028","รายได้ค่านํ้าประปาบ้านพักสถาบัน",budget_template_line_r43400
budget_template_line_r4121040029,budget_template_y2568_revenue,"4121040029","รายได้ของสํานักส่งเสริมและบริการวิชาการฯ",budget_template_line_r43400
budget_template_line_r4121040031,budget_template_y2568_revenue,"4121040031","รายได้จากการจําหน่ายครุภัณฑ์",budget_template_line_r43400
budget_template_line_r4121040032,budget_template_y2568_revenue,"4121040032","รายได้จากการขอใช้สถานที่",budget_template_line_r43400
budget_template_line_r4121040033,budget_template_y2568_revenue,"4121040033","รายได้ค่าเช่าที่ราชพัสดุ",budget_template_line_r43400
budget_template_line_r4121040035,budget_template_y2568_revenue,"4121040035","รายได้ค่าบํารุงจากร้านค้า",budget_template_line_r43400
budget_template_line_r4121040036,budget_template_y2568_revenue,"4121040036","รายได้จากร้านค้าเพื่อจ้างเหมาทําความสะอาด",budget_template_line_r43400
budget_template_line_r4121040037,budget_template_y2568_revenue,"4121040037","เงินจัดสรรรายได้คงเหลือจากการดําเนินการสอบคัดเลือกจาก สกอ.",budget_template_line_r43400
budget_template_line_r4121040038,budget_template_y2568_revenue,"4121040038","รายได้ค่าบํารุงหน่วยงานต้นสังกัดของบุคลากรภายใน",budget_template_line_r43400
budget_template_line_r4121040039,budget_template_y2568_revenue,"4121040039","รายได้ส่วนแบ่งเปอร์เซ็นต์จากการจําหน่ายสินค้าจากตู้สินค้าอัตโนมัติ",budget_template_line_r43400
budget_template_line_r4121040041,budget_template_y2568_revenue,"4121040041","รายได้จากการจําหน่ายสินค้าของคณะ",budget_template_line_r43400
budget_template_line_r4121040042,budget_template_y2568_revenue,"4121040042","รายได้จากการจําหน่ายของที่ระลึก",budget_template_line_r43400
budget_template_line_r4121040043,budget_template_y2568_revenue,"4121040043","รายได้ค่าทําบัตรนักศึกษาหอพัก",budget_template_line_r43400
budget_template_line_r4121040044,budget_template_y2568_revenue,"4121040044","รายได้จากการจําหน่ายวัสดุอุปกรณ์(ซาก,พัสดุ)",budget_template_line_r43400
budget_template_line_r4121040045,budget_template_y2568_revenue,"4121040045","รายได้ค่าใบรับรองแพทย์",budget_template_line_r43400
budget_template_line_r4121040046,budget_template_y2568_revenue,"4121040046","รายได้ค่าบัตรติดรถยนต์",budget_template_line_r43400
budget_template_line_r4121040047,budget_template_y2568_revenue,"4121040047","รายได้จากการชดใช้ค่าเสียหาย (เช่น กรณีรถบรรทุกเกี่ยวสายไฟฟ้า )",budget_template_line_r43400
budget_template_line_r4121040048,budget_template_y2568_revenue,"4121040048","รายได้ค่านํ้าประปาจากการขอใช้สถานที่",budget_template_line_r43400
budget_template_line_r4121040049,budget_template_y2568_revenue,"4121040049","รายได้ค่าไฟฟ้าจากการขอใช้สถานที่",budget_template_line_r43400
budget_template_line_r4121040050,budget_template_y2568_revenue,"4121040050","รายได้จาการชดใช้กรณีทําลายอุปกรณ์ล็อคล้อ",budget_template_line_r43400
budget_template_line_r4121040051,budget_template_y2568_revenue,"4121040051","รายได้ค่าบริการตรวจร่างกายของนักศึกษา และนักศึกษาใหม่",budget_template_line_r43400
budget_template_line_r4121040096,budget_template_y2568_revenue,"4121040096","รายได้เงินสนับสนุนจากศูนย์เกษตรฯชุมพร",budget_template_line_r43400
budget_template_line_r4121040097,budget_template_y2568_revenue,"4121040097","รายได้เงินสนับสนุนจากโรงนมกรมหลวงชุมพร",budget_template_line_r43400
budget_template_line_r4121040098,budget_template_y2568_revenue,"4121040098","รายได้ค่าบํารุงส่วนของสํานักส่งเสริมฯ",budget_template_line_r43400
budget_template_line_r4121040099,budget_template_y2568_revenue,"4121040099","รายได้เบ็ดเตล็ดอื่น",budget_template_line_r43400
budget_template_line_r_interest,budget_template_y2568_revenue,"r_interest","รายได้ดอกเบี้ย",
budget_template_line_r4123000001,budget_template_y2568_revenue,"4123000001","รายได้จากดอกเบี้ยเงินฝากธนาคารและสถาบันการเงิน",budget_template_line_r_interest
budget_template_line_r4123000002,budget_template_y2568_revenue,"4123000002","รายได้ดอกเบี้ยจากการลงทุน",budget_template_line_r_interest
budget_template_line_r43500,budget_template_y2568_revenue,"43500","รายได้จากการรับบริจาค หรือ เงินอุดหนุน",
budget_template_line_r4122000001,budget_template_y2568_revenue,"4122000001","รายได้จากการรับบริจาคหรือเงินอุดหนุน",budget_template_line_r43500
budget_template_line_r4122000002,budget_template_y2568_revenue,"4122000002","รายได้จากการรับบริจาค (อาคาร)",budget_template_line_r43500
budget_template_line_r4122000003,budget_template_y2568_revenue,"4122000003","รายได้จากการรับบริจาค (ครุภัณฑ์)",budget_template_line_r43500
budget_template_line_r4122000004,budget_template_y2568_revenue,"4122000004","รายได้จากการรับบริจาค-สินทรัพย์ไม่มีตัวตน",budget_template_line_r43500
budget_template_line_r4122000005,budget_template_y2568_revenue,"4122000005","รายได้จากการรับบริจาค (สินทรัพย์โครงสร้างพื้นฐาน)",budget_template_line_r43500
budget_template_line_r4122000006,budget_template_y2568_revenue,"4122000006","รายได้จากเงินบริจาค-ทอท.",budget_template_line_r43500
budget_template_line_r4122000008,budget_template_y2568_revenue,"4122000008","รายได้จากการรับเงินบริจาคครบรอบสถาบัน",budget_template_line_r43500
budget_template_line_r4122000009,budget_template_y2568_revenue,"4122000009","รายได้จากเงินสมทบเททองหล่อพระ/ค่าเช่าพระ",budget_template_line_r43500
budget_template_line_r4122000011,budget_template_y2568_revenue,"4122000011","รายได้จากการรับเงินสนับสนุนเพื่อการศึกษา",budget_template_line_r43500
budget_template_line_r4122000012,budget_template_y2568_revenue,"4122000012","รายได้จากการรับบริจาคผู้ประสบภัยนํ้าท่วม",budget_template_line_r43500
budget_template_line_r4122000014,budget_template_y2568_revenue,"4122000014","รายได้จากการรับเงินสนับสนุนค่าใช้จ่ายในการจัดงาน (สนับสนุนกิจกรรมสถาบัน เช่น งานปีใหม่ งานวิ่งการกุศล เป็นต้น)",budget_template_line_r43500
budget_template_line_r4122000015,budget_template_y2568_revenue,"4122000015","รายได้จากการรับเงินสนับสนุนกิจกรรม/โครงการของนักศึกษา",budget_template_line_r43500
budget_template_line_r4122000016,budget_template_y2568_revenue,"4122000016","รายได้จากเงินบริจาคเพื่อสนับสนุนการวิจัย ( เช่น การทําข้อตกลง MOU เป็นต้น)",budget_template_line_r43500
budget_template_line_r4122000017,budget_template_y2568_revenue,"4122000017","รายได้จาการรับบริจาค (อาคารที่พักอาศัย -ทอท.)",budget_template_line_r43500
budget_template_line_r4122000018,budget_template_y2568_revenue,"4122000018","รายได้จากเงินบริจาคโครงการ Love4",budget_template_line_r43500
budget_template_line_r4122000021,budget_template_y2568_revenue,"4122000021","รายได้จากการอุดหนุน-หน่วยงานภาครัฐ(สถาบันไทยโคเซ็น)",budget_template_line_r43500
budget_template_line_r4122000023,budget_template_y2568_revenue,"4122000023","รายได้จากการอุดหนุน-หน่วยงานภาครัฐ(โครงการผลิตบัณฑิตพันธุ์ใหม่)",budget_template_line_r43500
budget_template_line_r4122000024,budget_template_y2568_revenue,"4122000024","รายได้จากการอุดหนุน-หน่วยงานภาครัฐ(โครงการเรียนรู้ตลอดชีวิตฯ/(Upskill/Reskill)",budget_template_line_r43500
budget_template_line_r4122000025,budget_template_y2568_revenue,"4122000025","รายได้จากการอุดหนุน-หน่วยงานภาครัฐ(การทําข้อตกลง MOU เป็นต้น)",budget_template_line_r43500
budget_template_line_r43600,budget_template_y2568_revenue,"43600","เงินบริจาคหรือเงินอุดหนุน",budget_template_line_r43500
budget_template_line_r2210000001,budget_template_y2568_revenue,"2210000001","กองทุนการศึกษาสมาคมศิษย์เก่า สจล.",budget_template_line_r43600
budget_template_line_r2210000002,budget_template_y2568_revenue,"2210000002","กองทุนการศึกษา นท.ทินกรฯ สจล.",budget_template_line_r43600
budget_template_line_r2210000003,budget_template_y2568_revenue,"2210000003","กองทุนการศึกษา สจ.พิชัย ฮั่งจันทร์เพ็ญ",budget_template_line_r43600
budget_template_line_r2210000004,budget_template_y2568_revenue,"2210000004","กองทุนการศึกษา ดร.อดิศัย โพธารามิก",budget_template_line_r43600
budget_template_line_r2210000005,budget_template_y2568_revenue,"2210000005","สจล.กองทุนบริษัทปูนซีเมนต์ไทยและบริษัทในเครือ",budget_template_line_r43600
budget_template_line_r2210000006,budget_template_y2568_revenue,"2210000006","เงินทุนการศึกษา สจ.ประสม-ยุภาพงศ์ รังสิโรจน์",budget_template_line_r43600
budget_template_line_r2210000007,budget_template_y2568_revenue,"2210000007","เงินทุนการศึกษา ทุนนายแก้วขวัญ วัชโรทัย",budget_template_line_r43600
budget_template_line_r2210000008,budget_template_y2568_revenue,"2210000008","เงินทุนการศึกษา สฤกดิ์คุณ สจล.",budget_template_line_r43600
budget_template_line_r2210000009,budget_template_y2568_revenue,"2210000009","เงินทุนการศึกษา ศ.พงษ์ศักดิ์ วรสุนทโรสถ",budget_template_line_r43600
budget_template_line_r2210000010,budget_template_y2568_revenue,"2210000010","เงินทุนการศึกษากลุ่มบริษัทสุราทิพย์ สจล.",budget_template_line_r43600
budget_template_line_r2210000011,budget_template_y2568_revenue,"2210000011","เงินทุนการศึกษา 3 เอ็ม สจล.",budget_template_line_r43600
budget_template_line_r2210000012,budget_template_y2568_revenue,"2210000012","เงินทุนเพื่อการศึกษา",budget_template_line_r43600
budget_template_line_r2210000013,budget_template_y2568_revenue,"2210000013","เงินทุนประนอม พังงา",budget_template_line_r43600
budget_template_line_r2210000027,budget_template_y2568_revenue,"2210000027","กองทุนการศึกษา คุณพรพิรุณ กวีสิทธิสาร สจล.",budget_template_line_r43600
budget_template_line_r2230000003,budget_template_y2568_revenue,"2230000003","โครงการพัฒนากําลังคนด้านวิศวกรรมศาสตร์เทคโนโลยีและนวัตกรรม(โคเซ็น)",budget_template_line_r43600
budget_template_line_r2230000004,budget_template_y2568_revenue,"2230000004","โครงการผลิตบัณฑิตพันธุ์ใหม่เพื่อสร้างกําลังคนที่มีสมรรถนะสูง สําหรับอุตสาหกรรม New Growth Engine",budget_template_line_r43600
budget_template_line_r43700,budget_template_y2568_revenue,"43700","รายได้อื่น",
budget_template_line_r4121050001,budget_template_y2568_revenue,"4121050001","เงินรับคืน-เงินเดือน",budget_template_line_r43700
budget_template_line_r4121050002,budget_template_y2568_revenue,"4121050002","เงินรับคืน-ค่าจ้างประจํา",budget_template_line_r43700
budget_template_line_r4121050003,budget_template_y2568_revenue,"4121050003","เงินรับคืน-ค่าจ้างชั่วคราว",budget_template_line_r43700
budget_template_line_r4121050004,budget_template_y2568_revenue,"4121050004","เงินรับคืน-เงินประจําตําแหน่ง",budget_template_line_r43700
budget_template_line_r4121050005,budget_template_y2568_revenue,"4121050005","เงินรับคืน-ค่าตอบแทน",budget_template_line_r43700
budget_template_line_r4121050006,budget_template_y2568_revenue,"4121050006","เงินรับคืน-ค่าสาธารณูปโภค",budget_template_line_r43700
budget_template_line_r4121050007,budget_template_y2568_revenue,"4121050007","เงินรับคืน-ค่าใช้สอย",budget_template_line_r43700
budget_template_line_r4121050008,budget_template_y2568_revenue,"4121050008","เงินรับคืน-เงินอุดหนุนพนักงาน",budget_template_line_r43700
budget_template_line_r4121050009,budget_template_y2568_revenue,"4121050009","เงินรับคืน-รายจ่ายอื่น",budget_template_line_r43700
budget_template_line_r4121050010,budget_template_y2568_revenue,"4121050010","เงินรับคืนอื่นๆ",budget_template_line_r43700
budget_template_line_r4121050011,budget_template_y2568_revenue,"4121050011","เงินรับคืน-โครงการวิจัย",budget_template_line_r43700
budget_template_line_r43800,budget_template_y2568_revenue,"43800","บัญชีพักรายได้",
budget_template_line_r4124000001,budget_template_y2568_revenue,"4124000001","บัญชีพักรายได้",budget_template_line_r43800
budget_template_line_r4124000002,budget_template_y2568_revenue,"4124000002","บัญชีพักรายได้ค่าหน่วยกิจเพื่อจัดสรรเข้ากองทุน",budget_template_line_r43800
budget_template_line_r4124000003,budget_template_y2568_revenue,"4124000003","เงินสนับสนุนค่าสาธารณูปโภค 10 %",budget_template_line_r43800
budget_template_line_r4124000005,budget_template_y2568_revenue,"4124000005","เงินสนับสนุนค่าใช้จ่ายระบบ Internet 2 %",budget_template_line_r43800
